question,answer,retrieved_sources
"Как ухаживать за кожей с куперозом: какие ингредиенты помогают, а каких избегать?","Для ухода за кожей с куперозом важно выбирать мягкие, успокаивающие средства, исключающие триггеры заболевания.

### Полезные ингредиенты:
- **Гиалуроновая кислота**: удерживает влагу, способствует увлажнению кожи.
- **Церамиды, холестерин, жирные кислоты**: восстанавливают барьерный слой кожи.
- **Масла**: ши, жожоба, авокадо, сквалан — питают кожу, предотвращают сухость и шелушение.
- **Мочевина (5–10%)**: размягчает роговой слой, увлажняет и смягчает кожу.
- **Пантенол, глицерин, бетаин**: обеспечивают дополнительное увлажнение и комфорт.

### Избегать следующие ингредиенты:
- Спирт, ментол, эвкалипт — раздражают сосуды и усиливают проявления купероза.
- Агрессивные эксфолианты и скрабы — повреждают сосудистую стенку.
- Ароматизаторы и красители — могут вызывать аллергические реакции и раздражение.
- Высокие температуры воды, горячие процедуры — провоцируют расширение сосудов.

Таким образом, правильный выбор ингредиентов и исключение триггеров помогут эффективно управлять состоянием кожи с куперозом.",03_rosacea_and_couperose.md | 01_cleansing.md | 03_rosacea_and_couperose.md | 01_dry_skin.md | 02_acne_diet.md
Ретинол и витамин С — можно ли их использовать вместе?,"Использование ретинола и витамина С одновременно допустимо, однако есть нюансы:

- **Частота применения**: 
  - Ретинол рекомендуется применять вечером, чтобы избежать раздражения от солнечного света.
  - Витамин С лучше всего подходит для утреннего ухода, поскольку защищает кожу от ультрафиолета.

- **Концентрация витамина С**: 
  - Если используется стабильная форма витамина С (например, аскорбил фосфат натрия, аскорбил глюкозид), риск конфликта минимален даже при совместном применении.

Таким образом, при правильной последовательности нанесения и умеренных концентрациях оба компонента могут использоваться совместно, обеспечивая синергический эффект против старения кожи.",05_niacinamide.md | 02_pigmentation.md | 04_copper_peptides.md | 01_retinol_and_derivatives.md | 04_wrinkles_and_loss_of_firmness.md
Какой уход нужен при сухой и чувствительной коже зимой?,"При сухой и чувствительной коже зимой необходим комплексный подход к уходу:

### Основные рекомендации:
1. **Интенсивное увлажнение**: 
   - Используйте кремы с высоким содержанием увлажняющих компонентов (гиалуроновая кислота, керамиды, масло ши, алоэ вера).
   
2. **Регулярная защита барьера кожи**:
   - Применяйте средства с церамидами, холестерином и жирными кислотами, чтобы восстановить защитный барьер кожи.
   
3. **Использование успокаивающих ингредиентов**:
   - Включите в уход продукты с экстрактами ромашки, алое, пантенолом, бисабололом, которые снимают раздражение и воспаление.
   
4. **Избегайте агрессивных очищающих средств**:
   - Отдавайте предпочтение мягким очищающим гелям или молочкам, избегая мыла и спиртосодержащих продуктов.
   
5. **Защита от холода и ветра**:
   - Наносите защитные кремы перед выходом на улицу, особенно в ветреную погоду.
   
6. **Увлажняющие маски и сыворотки**:
   - Регулярно применяйте питательные маски и сыворотки, содержащие гиалуроновую кислоту, коллаген, витамины А, Е и F.
   
7. **Снижение температуры воды во время умывания**:
   - Умывайтесь теплой водой, избегая горячей, чтобы минимизировать раздражение.

8. **Питание изнутри**:
   - Употребляйте больше жирной рыбы, орехов, авокадо и овощей, богатых витаминами A, E и омега-3 жирными кислотами.

9. **Консультация дерматолога**:
   - Если состояние кожи ухудшается или появляются признаки атопического дерматита, обратитесь к специалисту.

Соблюдение этих рекомендаций поможет сохранить комфорт и здоровье кожи даже в холодное время года.",04_sensitive_skin.md | 06_winter_skincare.md | 01_dry_skin.md | 02_spring_skin_prep.md | 01_daily_skincare_rituals.md
Что такое ниацинамид и в какой концентрации его использовать?,"**Ниацинамид** — это водорастворимая форма витамина B3 (никотиновой кислоты), один из наиболее универсальных активных компонентов косметики. Подходит для большинства типов кожи, хорошо переносится и совместим с большинством других активных веществ.

Рекомендуемая рабочая концентрация ниацинамида составляет **2-10%**. Для эффективного воздействия вещество должно находиться ближе к началу списка ингредиентов (в первой трети или половине состава).",03_reading_inci_labels.md | 05_niacinamide.md | 04_copper_peptides.md | 03_combination_skin.md | 05_niacinamide.md
Как метод Curly Girl помогает кудрявым волосам?,"Метод Curly Girl (CGM), разработанный Лоррейн Мэсси, направлен на бережный уход за кудрявыми волосами, предотвращение повреждения и улучшение состояния локонов. Вот основные преимущества метода:

1. **Отказ от сульфатов**: Шампуни с сульфатами агрессивно очищают кожу головы и волосы, нарушая защитный слой волоса и приводя к сухости и ломкости. CGM рекомендует использовать мягкие бессульфатные шампуни или co-washing (мытье кондиционером).
   
2. **Избегание силиконов**: Силиконы покрывают поверхность волоса тонкой плёнкой, создавая иллюзию гладкости, однако накапливаются и утяжеляют волосы, делая их менее здоровыми и живыми. В рамках CGM рекомендуется избегать продуктов с силиконами.

3. **Увлажнение и питание**: Кудрявые волосы склонны к сухости и обезвоживанию, особенно из-за своей пористой структуры. CGM предлагает регулярное использование увлажняющих кондиционеров, масел и кремов для поддержания здоровья и эластичности волос.

4. **Минимизация термической укладки**: Использование горячих инструментов (утюжков, плоек, фенов) без должной защиты негативно сказывается на состоянии волос. CGM советует минимизировать тепловую укладку или применять защитные средства перед использованием приборов.

5. **Правильная техника укладки**: Применение техники scrunching («сжимания») позволяет равномерно распределять продукт по волосам и формировать стильную укладку, минимизируя спутывание и ломкость.

6. **Защита во время сна**: Сон с мокрыми волосами увеличивает риск повреждений, поэтому важно сушить волосы до полного высыхания перед сном.

Таким образом, метод Curly Girl обеспечивает комплексный подход к уходу за кудрявыми волосами, направленный на восстановление структуры, снижение сухости и сохранение естественного объёма и формы локонов.",02_curly_girl_method.md | 02_curly_girl_method.md | 04_split_ends.md | 02_curly_girl_method.md | 02_curly_girl_method.md
